Year,Month,DOMESTIC,INTERNATIONAL,TOTAL,City
2002,10,"33,127","1,755","34,882",Atlanta
2002,11,"31,504","1,735","33,239",Atlanta
2002,12,"32,371","1,753","34,124",Atlanta
2002,TOTAL,"3,87,938","20,177","4,08,115",Atlanta
2003,1,"33,041","1,760","34,801",Atlanta
2003,2,"29,104","1,517","30,621",Atlanta
2003,3,"33,096","1,708","34,804",Atlanta
2003,4,"31,552","1,651","33,203",Atlanta
2003,5,"32,354","1,639","33,993",Atlanta
2003,6,"33,042","1,689","34,731",Atlanta
2003,7,"34,162","1,760","35,922",Atlanta
2003,8,"35,072","1,822","36,894",Atlanta
2003,9,"34,141","1,742","35,883",Atlanta
2003,10,"35,920","1,791","37,711",Atlanta
2003,11,"34,342","1,737","36,079",Atlanta
2003,12,"35,569","1,841","37,410",Atlanta
2003,TOTAL,"4,01,395","20,657","4,22,052",Atlanta
2004,1,"35,511","1,798","37,309",Atlanta
2004,2,"33,737","1,659","35,396",Atlanta
2004,3,"37,112","1,775","38,887",Atlanta
2004,4,"35,983","1,831","37,814",Atlanta
2004,5,"36,776","1,939","38,715",Atlanta
2004,6,"35,916","1,928","37,844",Atlanta
2004,7,"36,990","1,994","38,984",Atlanta
2004,8,"37,301","1,988","39,289",Atlanta
2004,9,"33,878","1,788","35,666",Atlanta
2004,10,"36,579","1,862","38,441",Atlanta
2004,11,"34,792","1,787","36,579",Atlanta
2004,12,"35,741","1,972","37,713",Atlanta
2004,TOTAL,"4,30,316","22,321","4,52,637",Atlanta
2005,1,"34,181","1,967","36,148",Atlanta
2005,2,"34,051","1,745","35,796",Atlanta
2005,3,"38,110","2,011","40,121",Atlanta
2005,4,"37,464","1,917","39,381",Atlanta
2005,5,"39,384","2,033","41,417",Atlanta
2005,6,"37,606","1,991","39,597",Atlanta
2005,7,"37,835","2,053","39,888",Atlanta
2005,8,"37,898","2,046","39,944",Atlanta
2005,9,"33,803","1,924","35,727",Atlanta
2005,10,"35,682","1,925","37,607",Atlanta
2005,11,"34,137","1,848","35,985",Atlanta
2005,12,"34,671","2,186","36,857",Atlanta
2005,TOTAL,"4,34,822","23,646","4,58,468",Atlanta
2006,1,"34,189","2,155","36,344",Atlanta
2006,2,"31,272","1,917","33,189",Atlanta
2006,3,"36,212","2,337","38,549",Atlanta
2006,4,"34,812","2,323","37,135",Atlanta
2006,5,"35,713","2,399","38,112",Atlanta
2006,6,"36,006","2,648","38,654",Atlanta
2006,7,"37,896","2,876","40,772",Atlanta
2006,8,"38,525","2,780","41,305",Atlanta
2006,9,"35,393","2,327","37,720",Atlanta
2006,10,"37,691","2,343","40,034",Atlanta
2006,11,"36,642","2,317","38,959",Atlanta
2006,12,"35,958","2,615","38,573",Atlanta
2006,TOTAL,"4,30,309","29,037","4,59,346",Atlanta
2007,1,"34,841","2,621","37,462",Atlanta
2007,2,"31,754","2,370","34,124",Atlanta
2007,3,"36,141","2,709","38,850",Atlanta
2007,4,"35,188","2,565","37,753",Atlanta
2007,5,"36,619","2,592","39,211",Atlanta
2007,6,"37,697","2,927","40,624",Atlanta
2007,7,"38,798","3,095","41,893",Atlanta
2007,8,"38,887","2,927","41,814",Atlanta
2007,9,"35,659","2,339","37,998",Atlanta
2007,10,"38,352","2,353","40,705",Atlanta
2007,11,"36,810","2,354","39,164",Atlanta
2007,12,"36,415","2,586","39,001",Atlanta
2007,TOTAL,"4,37,161","31,438","4,68,599",Atlanta
2008,1,"35,115","2,543","37,658",Atlanta
2008,2,"33,997","2,433","36,430",Atlanta
2008,3,"37,280","2,767","40,047",Atlanta
2008,4,"36,201","2,541","38,742",Atlanta
2008,5,"36,344","2,633","38,977",Atlanta
2008,6,"36,897","2,887","39,784",Atlanta
2008,7,"37,595","3,080","40,675",Atlanta
2008,8,"37,202","2,841","40,043",Atlanta
2008,9,"34,762","2,153","36,915",Atlanta
2008,10,"36,948","2,190","39,138",Atlanta
2008,11,"35,821","2,201","38,022",Atlanta
2008,12,"35,628","2,531","38,159",Atlanta
2008,TOTAL,"4,33,790","30,800","4,64,590",Atlanta
2009,1,"34,738","2,558","37,296",Atlanta
2009,2,"32,247","2,215","34,462",Atlanta
2009,3,"36,408","2,520","38,928",Atlanta
2009,4,"35,948","2,452","38,400",Atlanta
2009,5,"36,892","2,412","39,304",Atlanta
2009,6,"37,781","2,657","40,438",Atlanta
2009,7,"39,930","2,790","42,720",Atlanta
2009,8,"39,236","2,549","41,785",Atlanta
2009,9,"35,555","1,980","37,535",Atlanta
2009,10,"37,339","2,008","39,347",Atlanta
2009,11,"35,367","2,000","37,367",Atlanta
2009,12,"35,210","2,439","37,649",Atlanta
2009,TOTAL,"4,36,651","28,580","4,65,231",Atlanta
2010,1,"34,414","2,425","36,839",Atlanta
2010,2,"30,638","2,254","32,892",Atlanta
2010,3,"36,263","2,659","38,922",Atlanta
2010,4,"35,877","2,431","38,308",Atlanta
2010,5,"36,586","2,496","39,082",Atlanta
2010,6,"36,569","2,753","39,322",Atlanta
2010,7,"37,514","2,979","40,493",Atlanta
2010,8,"37,653","2,731","40,384",Atlanta
2010,9,"35,174","2,117","37,291",Atlanta
2010,10,"36,216","2,185","38,401",Atlanta
2010,11,"34,473","2,102","36,575",Atlanta
2010,12,"33,974","2,392","36,366",Atlanta
2010,TOTAL,"4,25,351","29,524","4,54,875",Atlanta
2011,1,"31,716","2,480","34,196",Atlanta
2011,2,"30,417","2,387","32,804",Atlanta
2011,3,"36,069","2,829","38,898",Atlanta
2011,4,"33,920","2,504","36,424",Atlanta
2011,5,"35,706","2,464","38,170",Atlanta
2011,6,"35,439","2,708","38,147",Atlanta
2011,7,"36,535","3,014","39,549",Atlanta
2011,8,"36,117","2,740","38,857",Atlanta
2011,9,"33,817","2,216","36,033",Atlanta
2011,10,"35,301","2,294","37,595",Atlanta
2011,11,"33,486","2,148","35,634",Atlanta
2011,12,"33,284","2,461","35,745",Atlanta
2011,TOTAL,"4,11,807","30,245","4,42,052",Atlanta
2012,1,"33,311","2,525","35,836",Atlanta
2012,2,"31,847","2,426","34,273",Atlanta
2012,3,"35,827","2,759","38,586",Atlanta
2012,4,"34,678","2,534","37,212",Atlanta
2012,5,"35,834","2,618","38,452",Atlanta
2012,6,"36,097","2,738","38,835",Atlanta
2012,7,"36,696","2,823","39,519",Atlanta
2012,8,"36,626","2,618","39,244",Atlanta
2012,9,"33,628","2,222","35,850",Atlanta
2012,10,"35,132","2,277","37,409",Atlanta
2012,11,"33,219","2,141","35,360",Atlanta
2012,12,"32,933","2,451","35,384",Atlanta
2012,TOTAL,"4,15,828","30,132","4,45,960",Atlanta
2013,1,"32,995","2,391","35,386",Atlanta
2013,2,"30,015","2,237","32,252",Atlanta
2013,3,"35,309","2,652","37,961",Atlanta
2013,4,"34,263","2,579","36,842",Atlanta
2013,5,"35,164","2,660","37,824",Atlanta
2013,6,"34,847","2,786","37,633",Atlanta
2013,7,"36,020","2,897","38,917",Atlanta
2013,8,"35,947","2,678","38,625",Atlanta
2013,9,"32,943","2,216","35,159",Atlanta
2013,10,"34,612","2,323","36,935",Atlanta
2013,11,"32,289","2,377","34,666",Atlanta
2013,12,"32,496","2,661","35,157",Atlanta
2013,TOTAL,"4,06,900","30,457","4,37,357",Atlanta
2014,1,"29,911","2,670","32,581",Atlanta
2014,2,"27,067","2,412","29,479",Atlanta
2014,3,"34,009","2,956","36,965",Atlanta
2014,4,"32,427","2,769","35,196",Atlanta
2014,5,"33,258","2,929","36,187",Atlanta
2014,6,"32,541","3,119","35,660",Atlanta
2014,7,"33,351","3,290","36,641",Atlanta
2014,8,"33,011","3,116","36,127",Atlanta
2014,9,"31,613","2,547","34,160",Atlanta
2014,10,"33,022","2,523","35,545",Atlanta
2014,11,"30,567","2,556","33,123",Atlanta
2014,12,"31,216","2,803","34,019",Atlanta
2014,TOTAL,"3,81,993","33,690","4,15,683",Atlanta
2015,1,"30,408","2,881","33,289",Atlanta
2015,2,"27,328","2,510","29,838",Atlanta
2015,3,"33,593","2,878","36,471",Atlanta
2015,4,"32,311","2,789","35,100",Atlanta
2015,5,"33,278","2,775","36,053",Atlanta
2015,6,"33,301","2,913","36,214",Atlanta
2015,7,"34,522","3,075","37,597",Atlanta
2015,8,"34,528","2,995","37,523",Atlanta
2015,9,"32,249","2,432","34,681",Atlanta
2015,10,"33,602","2,466","36,068",Atlanta
2015,11,"31,920","2,417","34,337",Atlanta
2015,12,"31,977","2,722","34,699",Atlanta
2015,TOTAL,"3,89,017","32,853","4,21,870",Atlanta
2016,1,"30,853","2,865","33,718",Atlanta
2016,2,"29,923","2,635","32,558",Atlanta
2016,3,"34,165","2,883","37,048",Atlanta
2016,4,"33,301","2,843","36,144",Atlanta
2016,5,"34,300","2,871","37,171",Atlanta
2016,6,"34,149","2,906","37,055",Atlanta
2016,7,"34,680","3,099","37,779",Atlanta
2016,8,"34,423","2,911","37,334",Atlanta
2016,9,"32,387","2,450","34,837",Atlanta
2016,10,"33,532","2,497","36,029",Atlanta
2016,11,"31,944","2,311","34,255",Atlanta
2016,12,"31,604","2,774","34,378",Atlanta
2016,TOTAL,"3,95,261","33,045","4,28,306",Atlanta
2017,1,"30,595","2,858","33,453",Atlanta
2017,2,"28,530","2,532","31,062",Atlanta
2017,3,"33,458","2,886","36,344",Atlanta
2017,4,"31,184","2,841","34,025",Atlanta
2017,5,"33,983","2,926","36,909",Atlanta
2017,6,"33,901","3,083","36,984",Atlanta
2017,7,"34,450","3,234","37,684",Atlanta
2017,8,"34,379","3,058","37,437",Atlanta
2017,9,"30,063","2,450","32,513",Atlanta
2017,10,"32,752","2,554","35,306",Atlanta
2017,11,"31,014","2,377","33,391",Atlanta
2017,12,"29,821","2,698","32,519",Atlanta
2017,TOTAL,"3,84,130","33,497","4,17,627",Atlanta
2018,1,"30,058","2,834","32,892",Atlanta
2018,2,"28,195","2,509","30,704",Atlanta
2018,3,"33,656","2,921","36,577",Atlanta
2018,4,"32,839","2,763","35,602",Atlanta
2018,5,"34,014","2,932","36,946",Atlanta
2018,6,"33,919","3,015","36,934",Atlanta
2018,7,"34,826","3,152","37,978",Atlanta
2018,8,"35,188","2,963","38,151",Atlanta
2018,9,"31,520","2,469","33,989",Atlanta
2018,10,"33,283","2,479","35,762",Atlanta
2018,11,"31,385","2,329","33,714",Atlanta
2018,12,"31,485","2,647","34,132",Atlanta
2018,TOTAL,"3,90,368","33,013","4,23,381",Atlanta
2019,1,"31,046","2,725","33,771",Atlanta
2019,2,"28,229","2,468","30,697",Atlanta
2019,3,"34,055","2,922","36,977",Atlanta
2019,4,"32,962","2,790","35,752",Atlanta
2019,5,"34,490","2,919","37,409",Atlanta
2019,6,"34,239","2,971","37,210",Atlanta
2019,7,"35,323","3,042","38,365",Atlanta
2019,8,"35,534","2,943","38,477",Atlanta
2019,9,"31,953","2,394","34,347",Atlanta
2019,10,"33,840","2,413","36,253",Atlanta
2019,11,"31,386","2,279","33,665",Atlanta
2019,12,"32,500","2,540","35,040",Atlanta
2019,TOTAL,"3,95,557","32,406","4,27,963",Atlanta
2020,1,"32,327","2,598","34,925",Atlanta
2020,2,"30,090","2,382","32,472",Atlanta
2020,3,"27,416","1,885","29,301",Atlanta
2020,4,"9,052",115,"9,167",Atlanta
2020,5,"8,253",89,"8,342",Atlanta
2020,6,"10,912",156,"11,068",Atlanta
2020,7,"18,349",479,"18,828",Atlanta
2020,8,"21,940",590,"22,530",Atlanta
2020,9,"20,211",618,"20,829",Atlanta
2020,10,"21,459",771,"22,230",Atlanta
2020,11,"22,200","1,005","23,205",Atlanta
2020,12,"23,105","1,412","24,517",Atlanta
2020,TOTAL,"2,45,314","12,100","2,57,414",Atlanta
2021,1,"22,364","1,594","23,958",Atlanta
2021,2,"19,819","1,428","21,247",Atlanta
2021,3,"25,974","1,495","27,469",Atlanta
2021,4,"25,778","1,449","27,227",Atlanta
2021,5,"27,271","1,588","28,859",Atlanta
2021,6,"27,560","1,622","29,182",Atlanta
2021,7,"28,660","1,759","30,419",Atlanta
2021,8,"27,894","1,832","29,726",Atlanta
2021,9,"26,643","1,665","28,308",Atlanta
2021,10,"27,927","1,709","29,636",Atlanta
2021,11,"26,673","1,682","28,355",Atlanta
2021,12,"25,978","1,828","27,806",Atlanta
2021,TOTAL,"3,12,541","19,651","3,32,192",Atlanta
2022,1,"24,613","1,919","26,532",Atlanta
2022,2,"22,744","1,730","24,474",Atlanta
2022,3,"26,512","1,917","28,429",Atlanta
2022,4,"25,958","1,931","27,889",Atlanta
2022,5,"27,438","2,065","29,503",Atlanta
2022,6,"26,279","2,159","28,438",Atlanta
2022,7,"27,377","2,178","29,555",Atlanta
2022,8,"27,304","2,174","29,478",Atlanta
2022,9,"26,283","1,982","28,265",Atlanta
2022,10,"27,142","1,996","29,138",Atlanta
2022,11,"26,445","1,898","28,343",Atlanta
2022,12,"26,070","2,117","28,187",Atlanta
2022,TOTAL,"3,14,165","24,066","3,38,231",Atlanta
2023,1,"26,549","2,175","28,724",Atlanta
2023,2,"24,129","1,954","26,083",Atlanta
2023,3,"28,173","2,270","30,443",Atlanta
2023,4,"27,317","2,312","29,629",Atlanta
2023,5,"28,760","2,494","31,254",Atlanta
2023,6,"28,478","2,589","31,067",Atlanta
2023,7,"29,627","2,664","32,291",Atlanta
2023,TOTAL,"1,93,033","16,458","2,09,491",Atlanta
2002,10,"29,537","1,365","30,902",Dallas
2002,11,"27,705","1,300","29,005",Dallas
2002,12,"28,455","1,372","29,827",Dallas
2002,TOTAL,"3,27,635","15,733","3,43,368",Dallas
2003,1,"28,625","1,367","29,992",Dallas
2003,2,"24,805","1,189","25,994",Dallas
2003,3,"28,752","1,377","30,129",Dallas
2003,4,"27,835","1,240","29,075",Dallas
2003,5,"28,738","1,242","29,980",Dallas
2003,6,"28,258","1,326","29,584",Dallas
2003,7,"29,102","1,461","30,563",Dallas
2003,8,"29,091","1,491","30,582",Dallas
2003,9,"28,010","1,232","29,242",Dallas
2003,10,"29,646","1,274","30,920",Dallas
2003,11,"29,039","1,335","30,374",Dallas
2003,12,"30,608","1,428","32,036",Dallas
2003,TOTAL,"3,42,509","15,962","3,58,471",Dallas
2004,1,"30,351","1,475","31,826",Dallas
2004,2,"28,326","1,424","29,750",Dallas
2004,3,"30,985","1,534","32,519",Dallas
2004,4,"29,981","1,487","31,468",Dallas
2004,5,"30,691","1,504","32,195",Dallas
2004,6,"29,805","1,570","31,375",Dallas
2004,7,"30,721","1,703","32,424",Dallas
2004,8,"30,933","1,705","32,638",Dallas
2004,9,"29,086","1,413","30,499",Dallas
2004,10,"30,423","1,427","31,850",Dallas
2004,11,"28,649","1,453","30,102",Dallas
2004,12,"28,382","1,575","29,957",Dallas
2004,TOTAL,"3,58,333","18,270","3,76,603",Dallas
2005,1,"27,441","1,668","29,109",Dallas
2005,2,"22,777","1,561","24,338",Dallas
2005,3,"25,813","1,747","27,560",Dallas
2005,4,"25,209","1,666","26,875",Dallas
2005,5,"26,657","1,740","28,397",Dallas
2005,6,"26,531","1,833","28,364",Dallas
2005,7,"27,458","1,927","29,385",Dallas
2005,8,"27,411","1,824","29,235",Dallas
2005,9,"25,535","1,569","27,104",Dallas
2005,10,"25,973","1,584","27,557",Dallas
2005,11,"25,342","1,542","26,884",Dallas
2005,12,"25,661","1,660","27,321",Dallas
2005,TOTAL,"3,11,808","20,321","3,32,129",Dallas
2006,1,"25,650","1,716","27,366",Dallas
2006,2,"22,801","1,594","24,395",Dallas
2006,3,"25,376","1,789","27,165",Dallas
2006,4,"25,138","1,745","26,883",Dallas
2006,5,"26,293","1,791","28,084",Dallas
2006,6,"25,717","1,756","27,473",Dallas
2006,7,"26,379","1,818","28,197",Dallas
2006,8,"26,527","1,803","28,330",Dallas
2006,9,"24,912","1,607","26,519",Dallas
2006,10,"26,180","1,646","27,826",Dallas
2006,11,"24,439","1,573","26,012",Dallas
2006,12,"25,327","1,767","27,094",Dallas
2006,TOTAL,"3,04,739","20,605","3,25,344",Dallas
2007,1,"24,532","1,778","26,310",Dallas
2007,2,"22,301","1,578","23,879",Dallas
2007,3,"25,354","1,789","27,143",Dallas
2007,4,"24,298","1,714","26,012",Dallas
2007,5,"25,430","1,767","27,197",Dallas
2007,6,"24,354","1,729","26,083",Dallas
2007,7,"25,804","1,813","27,617",Dallas
2007,8,"26,162","1,807","27,969",Dallas
2007,9,"24,668","1,522","26,190",Dallas
2007,10,"25,800","1,562","27,362",Dallas
2007,11,"24,875","1,544","26,419",Dallas
2007,12,"24,507","1,735","26,242",Dallas
2007,TOTAL,"2,98,085","20,338","3,18,423",Dallas
2008,1,"24,175","1,729","25,904",Dallas
2008,2,"22,528","1,600","24,128",Dallas
2008,3,"22,832","1,663","24,495",Dallas
2008,4,"22,999","1,550","24,549",Dallas
2008,5,"24,752","1,639","26,391",Dallas
2008,6,"24,626","1,607","26,233",Dallas
2008,7,"25,846","1,683","27,529",Dallas
2008,8,"25,624","1,674","27,298",Dallas
2008,9,"23,586","1,445","25,031",Dallas
2008,10,"24,071","1,501","25,572",Dallas
2008,11,"22,297","1,517","23,814",Dallas
2008,12,"23,025","1,559","24,584",Dallas
2008,TOTAL,"2,86,361","19,167","3,05,528",Dallas
2009,1,"22,926","1,553","24,479",Dallas
2009,2,"21,207","1,422","22,629",Dallas
2009,3,"23,465","1,557","25,022",Dallas
2009,4,"22,786","1,502","24,288",Dallas
2009,5,"23,735","1,378","25,113",Dallas
2009,6,"23,493","1,384","24,877",Dallas
2009,7,"24,716","1,535","26,251",Dallas
2009,8,"24,842","1,532","26,374",Dallas
2009,9,"23,499","1,425","24,924",Dallas
2009,10,"24,039","1,484","25,523",Dallas
2009,11,"23,264","1,467","24,731",Dallas
2009,12,"23,475","1,562","25,037",Dallas
2009,TOTAL,"2,81,447","17,801","2,99,248",Dallas
2010,1,"23,755","1,590","25,345",Dallas
2010,2,"20,806","1,408","22,214",Dallas
2010,3,"24,396","1,615","26,011",Dallas
2010,4,"23,791","1,593","25,384",Dallas
2010,5,"24,070","1,678","25,748",Dallas
2010,6,"23,923","1,684","25,607",Dallas
2010,7,"24,721","1,796","26,517",Dallas
2010,8,"25,117","1,719","26,836",Dallas
2010,9,"23,682","1,493","25,175",Dallas
2010,10,"24,420","1,579","25,999",Dallas
2010,11,"23,346","1,547","24,893",Dallas
2010,12,"23,917","1,721","25,638",Dallas
2010,TOTAL,"2,85,944","19,423","3,05,367",Dallas
2011,1,"23,605","1,777","25,382",Dallas
2011,2,"20,181","1,572","21,753",Dallas
2011,3,"24,548","1,858","26,406",Dallas
2011,4,"23,075","1,706","24,781",Dallas
2011,5,"23,045","1,717","24,762",Dallas
2011,6,"24,262","1,887","26,149",Dallas
2011,7,"24,946","2,021","26,967",Dallas
2011,8,"24,849","1,932","26,781",Dallas
2011,9,"23,425","1,747","25,172",Dallas
2011,10,"24,003","1,832","25,835",Dallas
2011,11,"22,510","1,699","24,209",Dallas
2011,12,"22,834","1,828","24,662",Dallas
2011,TOTAL,"2,81,283","21,576","3,02,859",Dallas
2012,1,"22,941","1,791","24,732",Dallas
2012,2,"21,649","1,700","23,349",Dallas
2012,3,"23,661","1,843","25,504",Dallas
2012,4,"22,664","1,727","24,391",Dallas
2012,5,"24,561","1,842","26,403",Dallas
2012,6,"24,058","1,961","26,019",Dallas
2012,7,"24,608","2,150","26,758",Dallas
2012,8,"24,859","2,014","26,873",Dallas
2012,9,"23,173","1,748","24,921",Dallas
2012,10,"24,256","1,846","26,102",Dallas
2012,11,"23,224","1,863","25,087",Dallas
2012,12,"23,483","2,099","25,582",Dallas
2012,TOTAL,"2,83,137","22,584","3,05,721",Dallas
2013,1,"23,998","2,041","26,039",Dallas
2013,2,"22,286","1,838","24,124",Dallas
2013,3,"25,429","2,070","27,499",Dallas
2013,4,"24,581","1,939","26,520",Dallas
2013,5,"25,470","2,060","27,530",Dallas
2013,6,"25,122","2,237","27,359",Dallas
2013,7,"25,932","2,386","28,318",Dallas
2013,8,"26,010","2,281","28,291",Dallas
2013,9,"24,310","1,853","26,163",Dallas
2013,10,"25,455","1,912","27,367",Dallas
2013,11,"23,363","1,934","25,297",Dallas
2013,12,"22,277","2,059","24,336",Dallas
2013,TOTAL,"2,94,233","24,610","3,18,843",Dallas
2014,1,"24,307","2,223","26,530",Dallas
2014,2,"21,249","1,881","23,130",Dallas
2014,3,"24,734","2,191","26,925",Dallas
2014,4,"23,955","2,079","26,034",Dallas
2014,5,"24,564","2,168","26,732",Dallas
2014,6,"24,872","2,335","27,207",Dallas
2014,7,"25,715","2,469","28,184",Dallas
2014,8,"25,491","2,283","27,774",Dallas
2014,9,"24,623","1,896","26,519",Dallas
2014,10,"24,879","1,948","26,827",Dallas
2014,11,"23,611","2,060","25,671",Dallas
2014,12,"25,051","2,239","27,290",Dallas
2014,TOTAL,"2,93,051","25,772","3,18,823",Dallas
2015,1,"24,679","2,205","26,884",Dallas
2015,2,"20,654","1,864","22,518",Dallas
2015,3,"24,628","2,127","26,755",Dallas
2015,4,"24,239","2,055","26,294",Dallas
2015,5,"24,263","2,206","26,469",Dallas
2015,6,"25,235","2,378","27,613",Dallas
2015,7,"26,367","2,504","28,871",Dallas
2015,8,"26,023","2,334","28,357",Dallas
2015,9,"24,083","1,952","26,035",Dallas
2015,10,"24,456","2,022","26,478",Dallas
2015,11,"23,173","2,025","25,198",Dallas
2015,12,"23,830","2,212","26,042",Dallas
2015,TOTAL,"2,91,630","25,884","3,17,514",Dallas
2016,1,"23,743","2,167","25,910",Dallas
2016,2,"22,378","2,018","24,396",Dallas
2016,3,"24,647","2,278","26,925",Dallas
2016,4,"23,292","2,162","25,454",Dallas
2016,5,"24,315","2,236","26,551",Dallas
2016,6,"24,357","2,452","26,809",Dallas
2016,7,"25,136","2,553","27,689",Dallas
2016,8,"24,517","2,326","26,843",Dallas
2016,9,"23,201","1,928","25,129",Dallas
2016,10,"23,634","2,090","25,724",Dallas
2016,11,"22,151","2,009","24,160",Dallas
2016,12,"22,979","2,220","25,199",Dallas
2016,TOTAL,"2,84,350","26,439","3,10,789",Dallas
2017,1,"22,497","2,165","24,662",Dallas
2017,2,"20,534","1,942","22,476",Dallas
2017,3,"23,509","2,196","25,705",Dallas
2017,4,"21,688","2,094","23,782",Dallas
2017,5,"23,239","2,229","25,468",Dallas
2017,6,"23,359","2,432","25,791",Dallas
2017,7,"24,391","2,583","26,974",Dallas
2017,8,"24,244","2,427","26,671",Dallas
2017,9,"22,222","2,037","24,259",Dallas
2017,10,"23,305","2,079","25,384",Dallas
2017,11,"21,588","1,961","23,549",Dallas
2017,12,"22,737","2,204","24,941",Dallas
2017,TOTAL,"2,73,313","26,349","2,99,662",Dallas
2018,1,"22,273","2,143","24,416",Dallas
2018,2,"20,294","1,935","22,229",Dallas
2018,3,"23,373","2,236","25,609",Dallas
2018,4,"22,811","2,127","24,938",Dallas
2018,5,"23,903","2,245","26,148",Dallas
2018,6,"24,620","2,496","27,116",Dallas
2018,7,"25,255","2,572","27,827",Dallas
2018,8,"25,323","2,403","27,726",Dallas
2018,9,"22,585","1,992","24,577",Dallas
2018,10,"23,565","2,073","25,638",Dallas
2018,11,"22,846","2,036","24,882",Dallas
2018,12,"22,830","2,222","25,052",Dallas
2018,TOTAL,"2,79,678","26,480","3,06,158",Dallas
2019,1,"23,325","2,210","25,535",Dallas
2019,2,"21,169","2,009","23,178",Dallas
2019,3,"24,434","2,333","26,767",Dallas
2019,4,"23,466","2,130","25,596",Dallas
2019,5,"25,888","2,415","28,303",Dallas
2019,6,"25,849","2,823","28,672",Dallas
2019,7,"27,115","2,995","30,110",Dallas
2019,8,"27,672","2,821","30,493",Dallas
2019,9,"26,008","2,306","28,314",Dallas
2019,10,"26,283","2,338","28,621",Dallas
2019,11,"25,379","2,134","27,513",Dallas
2019,12,"25,798","2,394","28,192",Dallas
2019,TOTAL,"3,02,386","28,908","3,31,294",Dallas
2020,1,"24,300","2,311","26,611",Dallas
2020,2,"23,279","2,163","25,442",Dallas
2020,3,"22,013","1,840","23,853",Dallas
2020,4,"9,761",628,"10,389",Dallas
2020,5,"11,371",703,"12,074",Dallas
2020,6,"12,616",882,"13,498",Dallas
2020,7,"19,115","1,180","20,295",Dallas
2020,8,"19,673","1,122","20,795",Dallas
2020,9,"17,835","1,174","19,009",Dallas
2020,10,"19,466","1,440","20,906",Dallas
2020,11,"19,132","1,620","20,752",Dallas
2020,12,"19,818","1,910","21,728",Dallas
2020,TOTAL,"2,18,379","16,973","2,35,352",Dallas
2021,1,"19,731","2,091","21,822",Dallas
2021,2,"15,214","1,726","16,940",Dallas
2021,3,"22,631","2,244","24,875",Dallas
2021,4,"21,880","2,119","23,999",Dallas
2021,5,"24,121","2,166","26,287",Dallas
2021,6,"25,031","2,489","27,520",Dallas
2021,7,"26,292","2,638","28,930",Dallas
2021,8,"24,992","2,271","27,263",Dallas
2021,9,"24,002","1,930","25,932",Dallas
2021,10,"24,192","2,043","26,235",Dallas
2021,11,"23,458","1,948","25,406",Dallas
2021,12,"23,572","2,308","25,880",Dallas
2021,TOTAL,"2,75,116","25,973","3,01,089",Dallas
2022,1,"22,368","2,289","24,657",Dallas
2022,2,"17,998","1,837","19,835",Dallas
2022,3,"22,483","2,316","24,799",Dallas
2022,4,"22,722","2,305","25,027",Dallas
2022,5,"23,669","2,472","26,141",Dallas
2022,6,"23,948","2,649","26,597",Dallas
2022,7,"24,534","2,781","27,315",Dallas
2022,8,"24,279","2,509","26,788",Dallas
2022,9,"23,495","2,165","25,660",Dallas
2022,10,"23,811","2,269","26,080",Dallas
2022,11,"21,492","2,195","23,687",Dallas
2022,12,"21,941","2,449","24,390",Dallas
2022,TOTAL,"2,72,740","28,236","3,00,976",Dallas
2023,1,"21,386","2,332","23,718",Dallas
2023,2,"20,730","2,059","22,789",Dallas
2023,3,"23,180","2,430","25,610",Dallas
2023,4,"22,759","2,247","25,006",Dallas
2023,5,"24,101","2,409","26,510",Dallas
2023,6,"25,190","2,775","27,965",Dallas
2023,7,"26,351","2,963","29,314",Dallas
2023,TOTAL,"1,63,697","17,215","1,80,912",Dallas
2002,10,"6,926","1,599","8,525",New York
2002,11,"6,608","1,492","8,100",New York
2002,12,"6,846","1,538","8,384",New York
2002,TOTAL,"76,740","18,964","95,704",New York
2003,1,"6,779","1,524","8,303",New York
2003,2,"5,823","1,214","7,037",New York
2003,3,"7,006","1,440","8,446",New York
2003,4,"6,677","1,199","7,876",New York
2003,5,"6,032","1,310","7,342",New York
2003,6,"6,087","1,502","7,589",New York
2003,7,"6,439","1,685","8,124",New York
2003,8,"6,327","1,668","7,995",New York
2003,9,"6,144","1,489","7,633",New York
2003,10,"6,518","1,468","7,986",New York
2003,11,"6,365","1,417","7,782",New York
2003,12,"6,671","1,498","8,169",New York
2003,TOTAL,"76,868","17,414","94,282",New York
2004,1,"6,801","1,533","8,334",New York
2004,2,"6,624","1,437","8,061",New York
2004,3,"7,190","1,554","8,744",New York
2004,4,"7,387","1,662","9,049",New York
2004,5,"7,451","1,662","9,113",New York
2004,6,"7,673","1,811","9,484",New York
2004,7,"8,314","2,176","10,490",New York
2004,8,"8,856","2,176","11,032",New York
2004,9,"7,885","1,853","9,738",New York
2004,10,"8,394","1,801","10,195",New York
2004,11,"8,101","1,754","9,855",New York
2004,12,"8,332","1,954","10,286",New York
2004,TOTAL,"93,008","21,373","1,14,381",New York
2005,1,"7,903","1,912","9,815",New York
2005,2,"7,580","1,743","9,323",New York
2005,3,"8,677","1,961","10,638",New York
2005,4,"8,633","1,935","10,568",New York
2005,5,"8,947","1,970","10,917",New York
2005,6,"8,846","1,959","10,805",New York
2005,7,"9,427","2,221","11,648",New York
2005,8,"9,506","2,200","11,706",New York
2005,9,"8,634","1,968","10,602",New York
2005,10,"8,872","1,917","10,789",New York
2005,11,"8,811","1,767","10,578",New York
2005,12,"8,605","1,892","10,497",New York
2005,TOTAL,"1,04,441","23,445","1,27,886",New York
2006,1,"8,436","1,845","10,281",New York
2006,2,"7,423","1,654","9,077",New York
2006,3,"8,841","1,983","10,824",New York
2006,4,"8,776","1,961","10,737",New York
2006,5,"8,628","2,060","10,688",New York
2006,6,"8,833","2,176","11,009",New York
2006,7,"10,031","2,420","12,451",New York
2006,8,"10,653","2,439","13,092",New York
2006,9,"10,477","2,121","12,598",New York
2006,10,"11,395","2,176","13,571",New York
2006,11,"11,201","2,058","13,259",New York
2006,12,"11,600","2,327","13,927",New York
2006,TOTAL,"1,16,294","25,220","1,41,514",New York
2007,1,"11,702","2,340","14,042",New York
2007,2,"9,833","2,002","11,835",New York
2007,3,"12,115","2,372","14,487",New York
2007,4,"11,875","2,427","14,302",New York
2007,5,"12,206","2,525","14,731",New York
2007,6,"11,580","2,655","14,235",New York
2007,7,"12,156","2,867","15,023",New York
2007,8,"12,479","2,928","15,407",New York
2007,9,"11,892","2,523","14,415",New York
2007,10,"12,061","2,421","14,482",New York
2007,11,"11,786","2,443","14,229",New York
2007,12,"11,625","2,605","14,230",New York
2007,TOTAL,"1,41,310","30,108","1,71,418",New York
2008,1,"11,223","2,553","13,776",New York
2008,2,"10,446","2,391","12,837",New York
2008,3,"11,658","2,711","14,369",New York
2008,4,"11,466","2,674","14,140",New York
2008,5,"11,517","2,819","14,336",New York
2008,6,"11,675","2,895","14,570",New York
2008,7,"12,176","3,237","15,413",New York
2008,8,"12,151","3,202","15,353",New York
2008,9,"11,083","2,566","13,649",New York
2008,10,"11,432","2,568","14,000",New York
2008,11,"10,937","2,478","13,415",New York
2008,12,"11,220","2,707","13,927",New York
2008,TOTAL,"1,36,984","32,801","1,69,785",New York
2009,1,"10,940","2,625","13,565",New York
2009,2,"10,238","2,336","12,574",New York
2009,3,"11,250","2,625","13,875",New York
2009,4,"11,037","2,587","13,624",New York
2009,5,"11,648","2,721","14,369",New York
2009,6,"11,483","2,954","14,437",New York
2009,7,"11,851","3,303","15,154",New York
2009,8,"11,833","3,275","15,108",New York
2009,9,"9,959","2,690","12,649",New York
2009,10,"10,102","2,549","12,651",New York
2009,11,"9,819","2,477","12,296",New York
2009,12,"9,960","2,655","12,615",New York
2009,TOTAL,"1,30,120","32,797","1,62,917",New York
2010,1,"9,925","2,615","12,540",New York
2010,2,"8,497","2,267","10,764",New York
2010,3,"10,152","2,676","12,828",New York
2010,4,"9,810","2,594","12,404",New York
2010,5,"9,892","2,962","12,854",New York
2010,6,"9,825","3,187","13,012",New York
2010,7,"10,605","3,571","14,176",New York
2010,8,"10,693","3,515","14,208",New York
2010,9,"9,768","2,822","12,590",New York
2010,10,"10,270","2,842","13,112",New York
2010,11,"10,015","2,700","12,715",New York
2010,12,"9,532","2,816","12,348",New York
2010,TOTAL,"1,18,984","34,567","1,53,551",New York
2011,1,"9,294","2,802","12,096",New York
2011,2,"8,783","2,602","11,385",New York
2011,3,"10,614","3,041","13,655",New York
2011,4,"10,309","3,026","13,335",New York
2011,5,"10,650","3,009","13,659",New York
2011,6,"10,612","3,276","13,888",New York
2011,7,"11,333","3,705","15,038",New York
2011,8,"10,297","3,353","13,650",New York
2011,9,"10,260","2,892","13,152",New York
2011,10,"10,319","2,823","13,142",New York
2011,11,"9,825","2,615","12,440",New York
2011,12,"9,936","2,860","12,796",New York
2011,TOTAL,"1,22,232","36,004","1,58,236",New York
2012,1,"9,642","2,734","12,376",New York
2012,2,"9,018","2,571","11,589",New York
2012,3,"10,381","3,018","13,399",New York
2012,4,"9,790","2,921","12,711",New York
2012,5,"9,843","2,859","12,702",New York
2012,6,"10,129","3,151","13,280",New York
2012,7,"10,542","3,531","14,073",New York
2012,8,"10,541","3,488","14,029",New York
2012,9,"9,790","2,857","12,647",New York
2012,10,"9,165","2,549","11,714",New York
2012,11,"9,370","2,653","12,023",New York
2012,12,"9,765","2,963","12,728",New York
2012,TOTAL,"1,17,976","35,295","1,53,271",New York
2013,1,"9,434","2,855","12,289",New York
2013,2,"8,332","2,503","10,835",New York
2013,3,"9,885","2,945","12,830",New York
2013,4,"9,489","2,810","12,299",New York
2013,5,"9,903","2,854","12,757",New York
2013,6,"9,937","3,224","13,161",New York
2013,7,"10,624","3,771","14,395",New York
2013,8,"10,741","3,782","14,523",New York
2013,9,"9,518","2,909","12,427",New York
2013,10,"9,829","2,871","12,700",New York
2013,11,"9,295","2,743","12,038",New York
2013,12,"9,516","3,132","12,648",New York
2013,TOTAL,"1,16,503","36,399","1,52,902",New York
2014,1,"8,349","2,787","11,136",New York
2014,2,"7,932","2,566","10,498",New York
2014,3,"9,823","2,967","12,790",New York
2014,4,"10,293","3,002","13,295",New York
2014,5,"10,589","3,104","13,693",New York
2014,6,"10,709","3,499","14,208",New York
2014,7,"10,980","3,897","14,877",New York
2014,8,"11,378","3,977","15,355",New York
2014,9,"10,015","3,026","13,041",New York
2014,10,"10,450","2,971","13,421",New York
2014,11,"9,714","2,886","12,600",New York
2014,12,"10,293","3,232","13,525",New York
2014,TOTAL,"1,20,525","37,914","1,58,439",New York
2015,1,"9,450","2,985","12,435",New York
2015,2,"8,540","2,581","11,121",New York
2015,3,"9,935","2,945","12,880",New York
2015,4,"10,290","3,041","13,331",New York
2015,5,"10,789","3,222","14,011",New York
2015,6,"10,738","3,510","14,248",New York
2015,7,"11,264","4,034","15,298",New York
2015,8,"11,378","4,072","15,450",New York
2015,9,"10,144","3,172","13,316",New York
2015,10,"10,590","3,033","13,623",New York
2015,11,"10,016","2,806","12,822",New York
2015,12,"10,538","3,321","13,859",New York
2015,TOTAL,"1,23,672","38,722","1,62,394",New York
2016,1,"9,696","3,032","12,728",New York
2016,2,"9,663","2,901","12,564",New York
2016,3,"10,897","3,214","14,111",New York
2016,4,"10,698","3,280","13,978",New York
2016,5,"11,030","3,477","14,507",New York
2016,6,"11,008","3,779","14,787",New York
2016,7,"11,036","4,121","15,157",New York
2016,8,"11,131","4,095","15,226",New York
2016,9,"10,195","3,174","13,369",New York
2016,10,"10,425","3,044","13,469",New York
2016,11,"9,938","2,724","12,662",New York
2016,12,"10,413","3,220","13,633",New York
2016,TOTAL,"1,26,130","40,061","1,66,191",New York
2017,1,"10,191","3,005","13,196",New York
2017,2,"9,166","2,604","11,770",New York
2017,3,"10,477","3,009","13,486",New York
2017,4,"10,238","3,186","13,424",New York
2017,5,"10,355","3,345","13,700",New York
2017,6,"10,799","3,693","14,492",New York
2017,7,"11,038","4,095","15,133",New York
2017,8,"11,135","4,054","15,189",New York
2017,9,"9,837","3,120","12,957",New York
2017,10,"10,192","3,017","13,209",New York
2017,11,"9,943","2,633","12,576",New York
2017,12,"10,341","3,159","13,500",New York
2017,TOTAL,"1,23,712","38,920","1,62,632",New York
2018,1,"9,532","2,742","12,274",New York
2018,2,"9,328","2,585","11,913",New York
2018,3,"10,163","2,956","13,119",New York
2018,4,"10,687","3,061","13,748",New York
2018,5,"11,216","3,155","14,371",New York
2018,6,"11,311","3,477","14,788",New York
2018,7,"11,497","3,846","15,343",New York
2018,8,"11,480","3,810","15,290",New York
2018,9,"10,781","3,208","13,989",New York
2018,10,"11,079","3,048","14,127",New York
2018,11,"10,315","2,691","13,006",New York
2018,12,"10,827","3,077","13,904",New York
2018,TOTAL,"1,28,216","37,656","1,65,872",New York
2019,1,"10,396","2,951","13,347",New York
2019,2,"9,481","2,695","12,176",New York
2019,3,"11,196","3,179","14,375",New York
2019,4,"10,457","3,080","13,537",New York
2019,5,"10,855","3,286","14,141",New York
2019,6,"10,650","3,610","14,260",New York
2019,7,"10,736","3,931","14,667",New York
2019,8,"10,897","3,968","14,865",New York
2019,9,"10,208","3,142","13,350",New York
2019,10,"10,526","2,973","13,499",New York
2019,11,"10,017","2,716","12,733",New York
2019,12,"10,481","3,131","13,612",New York
2019,TOTAL,"1,25,900","38,662","1,64,562",New York
2020,1,"10,340","3,126","13,466",New York
2020,2,"9,795","2,803","12,598",New York
2020,3,"8,981","1,976","10,957",New York
2020,4,"1,387",77,"1,464",New York
2020,5,936,54,990,New York
2020,6,"1,922",142,"2,064",New York
2020,7,"3,266","1,047","4,313",New York
2020,8,"3,401","1,244","4,645",New York
2020,9,"3,085","1,086","4,171",New York
2020,10,"3,592","1,285","4,877",New York
2020,11,"3,695","1,332","5,027",New York
2020,12,"3,647","1,805","5,452",New York
2020,TOTAL,"54,047","15,977","70,024",New York
2021,1,"3,284","1,786","5,070",New York
2021,2,"3,074","1,471","4,545",New York
2021,3,"4,615","1,889","6,504",New York
2021,4,"5,371","1,992","7,363",New York
2021,5,"6,700","2,343","9,043",New York
2021,6,"7,643","2,629","10,272",New York
2021,7,"8,139","2,839","10,978",New York
2021,8,"8,068","2,848","10,916",New York
2021,9,"7,452","2,521","9,973",New York
2021,10,"7,857","2,430","10,287",New York
2021,11,"10,120","2,477","12,597",New York
2021,12,"9,878","2,942","12,820",New York
2021,TOTAL,"82,201","28,167","1,10,368",New York
2022,1,"10,008","2,759","12,767",New York
2022,2,"10,012","2,640","12,652",New York
2022,3,"11,323","3,093","14,416",New York
2022,4,"10,788","3,048","13,836",New York
2022,5,"11,353","3,192","14,545",New York
2022,6,"10,818","3,531","14,349",New York
2022,7,"11,535","3,789","15,324",New York
2022,8,"11,421","3,793","15,214",New York
2022,9,"11,412","3,233","14,645",New York
2022,10,"11,750","3,216","14,966",New York
2022,11,"11,330","3,140","14,470",New York
2022,12,"10,760","3,571","14,331",New York
2022,TOTAL,"1,32,510","39,005","1,71,515",New York
2023,1,"10,910","3,553","14,463",New York
2023,2,"10,492","3,181","13,673",New York
2023,3,"12,069","3,776","15,845",New York
2023,4,"11,408","3,858","15,266",New York
2023,5,"11,856","3,846","15,702",New York
2023,6,"10,606","3,984","14,590",New York
2023,7,"10,376","4,373","14,749",New York
2023,TOTAL,"77,717","26,571","1,04,288",New York
2002,10,"14,733",798,"15,531",Philadelphia
2002,11,"13,986",812,"14,798",Philadelphia
2002,12,"13,862",811,"14,673",Philadelphia
2002,TOTAL,"1,30,246","8,648","1,38,894",Philadelphia
2003,1,"13,709",841,"14,550",Philadelphia
2003,2,"11,415",738,"12,153",Philadelphia
2003,3,"13,897",914,"14,811",Philadelphia
2003,4,"13,711",896,"14,607",Philadelphia
2003,5,"13,997",983,"14,980",Philadelphia
2003,6,"14,167","1,020","15,187",Philadelphia
2003,7,"14,708","1,072","15,780",Philadelphia
2003,8,"14,628","1,095","15,723",Philadelphia
2003,9,"13,886","1,001","14,887",Philadelphia
2003,10,"14,546","1,035","15,581",Philadelphia
2003,11,"13,559","1,027","14,586",Philadelphia
2003,12,"13,803","1,072","14,875",Philadelphia
2003,TOTAL,"1,66,026","11,694","1,77,720",Philadelphia
2004,1,"14,106","1,150","15,256",Philadelphia
2004,2,"13,455","1,115","14,570",Philadelphia
2004,3,"14,481","1,211","15,692",Philadelphia
2004,4,"14,314","1,154","15,468",Philadelphia
2004,5,"14,941","1,337","16,278",Philadelphia
2004,6,"14,902","1,245","16,147",Philadelphia
2004,7,"15,164","1,249","16,413",Philadelphia
2004,8,"15,700","1,272","16,972",Philadelphia
2004,9,"15,148","1,022","16,170",Philadelphia
2004,10,"16,829","1,024","17,853",Philadelphia
2004,11,"17,129","1,082","18,211",Philadelphia
2004,12,"17,209","1,124","18,333",Philadelphia
2004,TOTAL,"1,83,378","13,985","1,97,363",Philadelphia
2005,1,"16,273","1,127","17,400",Philadelphia
2005,2,"16,081","1,067","17,148",Philadelphia
2005,3,"18,449","1,241","19,690",Philadelphia
2005,4,"18,303","1,233","19,536",Philadelphia
2005,5,"18,803","1,291","20,094",Philadelphia
2005,6,"17,668","1,283","18,951",Philadelphia
2005,7,"17,799","1,374","19,173",Philadelphia
2005,8,"18,454","1,347","19,801",Philadelphia
2005,9,"17,275","1,188","18,463",Philadelphia
2005,10,"17,471","1,167","18,638",Philadelphia
2005,11,"17,334","1,022","18,356",Philadelphia
2005,12,"17,467","1,083","18,550",Philadelphia
2005,TOTAL,"2,11,377","14,423","2,25,800",Philadelphia
2006,1,"16,373","1,018","17,391",Philadelphia
2006,2,"15,056",975,"16,031",Philadelphia
2006,3,"17,774","1,146","18,920",Philadelphia
2006,4,"17,049","1,131","18,180",Philadelphia
2006,5,"17,774","1,238","19,012",Philadelphia
2006,6,"16,870","1,304","18,174",Philadelphia
2006,7,"17,670","1,368","19,038",Philadelphia
2006,8,"18,094","1,355","19,449",Philadelphia
2006,9,"16,751","1,124","17,875",Philadelphia
2006,10,"17,654","1,092","18,746",Philadelphia
2006,11,"16,757",947,"17,704",Philadelphia
2006,12,"16,788","1,007","17,795",Philadelphia
2006,TOTAL,"2,04,610","13,705","2,18,315",Philadelphia
2007,1,"17,027","1,037","18,064",Philadelphia
2007,2,"14,603",926,"15,529",Philadelphia
2007,3,"16,683","1,063","17,746",Philadelphia
2007,4,"16,628","1,043","17,671",Philadelphia
2007,5,"17,328","1,170","18,498",Philadelphia
2007,6,"16,370","1,279","17,649",Philadelphia
2007,7,"16,936","1,346","18,282",Philadelphia
2007,8,"17,155","1,323","18,478",Philadelphia
2007,9,"16,211","1,146","17,357",Philadelphia
2007,10,"16,746","1,013","17,759",Philadelphia
2007,11,"16,319",971,"17,290",Philadelphia
2007,12,"16,049","1,029","17,078",Philadelphia
2007,TOTAL,"1,98,055","13,346","2,11,401",Philadelphia
2008,1,"16,580","1,036","17,616",Philadelphia
2008,2,"14,959",980,"15,939",Philadelphia
2008,3,"16,998","1,125","18,123",Philadelphia
2008,4,"16,771","1,135","17,906",Philadelphia
2008,5,"17,131","1,257","18,388",Philadelphia
2008,6,"17,128","1,344","18,472",Philadelphia
2008,7,"17,574","1,401","18,975",Philadelphia
2008,8,"17,444","1,376","18,820",Philadelphia
2008,9,"15,771","1,119","16,890",Philadelphia
2008,10,"16,666","1,010","17,676",Philadelphia
2008,11,"15,324",908,"16,232",Philadelphia
2008,12,"15,662",995,"16,657",Philadelphia
2008,TOTAL,"1,98,008","13,686","2,11,694",Philadelphia
2009,1,"15,510","1,102","16,612",Philadelphia
2009,2,"14,456","1,020","15,476",Philadelphia
2009,3,"16,379","1,169","17,548",Philadelphia
2009,4,"16,088","1,173","17,261",Philadelphia
2009,5,"16,379","1,231","17,610",Philadelphia
2009,6,"16,559","1,337","17,896",Philadelphia
2009,7,"17,289","1,436","18,725",Philadelphia
2009,8,"16,850","1,393","18,243",Philadelphia
2009,9,"15,637","1,235","16,872",Philadelphia
2009,10,"16,175","1,019","17,194",Philadelphia
2009,11,"15,138",982,"16,120",Philadelphia
2009,12,"14,830","1,040","15,870",Philadelphia
2009,TOTAL,"1,91,290","14,137","2,05,427",Philadelphia
2010,1,"15,294","1,136","16,430",Philadelphia
2010,2,"11,999",918,"12,917",Philadelphia
2010,3,"15,871","1,189","17,060",Philadelphia
2010,4,"15,589","1,154","16,743",Philadelphia
2010,5,"16,078","1,260","17,338",Philadelphia
2010,6,"16,134","1,397","17,531",Philadelphia
2010,7,"16,531","1,456","17,987",Philadelphia
2010,8,"16,733","1,413","18,146",Philadelphia
2010,9,"15,707","1,245","16,952",Philadelphia
2010,10,"16,171","1,135","17,306",Philadelphia
2010,11,"15,424","1,042","16,466",Philadelphia
2010,12,"15,151","1,121","16,272",Philadelphia
2010,TOTAL,"1,86,682","14,466","2,01,148",Philadelphia
2011,1,"14,653","1,201","15,854",Philadelphia
2011,2,"13,623","1,102","14,725",Philadelphia
2011,3,"16,189","1,264","17,453",Philadelphia
2011,4,"15,255","1,305","16,560",Philadelphia
2011,5,"15,899","1,342","17,241",Philadelphia
2011,6,"15,884","1,420","17,304",Philadelphia
2011,7,"16,095","1,473","17,568",Philadelphia
2011,8,"15,333","1,362","16,695",Philadelphia
2011,9,"15,179","1,270","16,449",Philadelphia
2011,10,"15,733","1,273","17,006",Philadelphia
2011,11,"14,762","1,101","15,863",Philadelphia
2011,12,"15,687","1,220","16,907",Philadelphia
2011,TOTAL,"1,84,292","15,333","1,99,625",Philadelphia
2012,1,"15,118","1,291","16,409",Philadelphia
2012,2,"14,173","1,240","15,413",Philadelphia
2012,3,"15,548","1,393","16,941",Philadelphia
2012,4,"15,134","1,398","16,532",Philadelphia
2012,5,"15,696","1,461","17,157",Philadelphia
2012,6,"15,472","1,476","16,948",Philadelphia
2012,7,"16,060","1,492","17,552",Philadelphia
2012,8,"16,158","1,459","17,617",Philadelphia
2012,9,"15,054","1,234","16,288",Philadelphia
2012,10,"14,659","1,166","15,825",Philadelphia
2012,11,"14,767","1,074","15,841",Philadelphia
2012,12,"14,974","1,150","16,124",Philadelphia
2012,TOTAL,"1,82,813","15,834","1,98,647",Philadelphia
2013,1,"14,981","1,179","16,160",Philadelphia
2013,2,"13,743","1,108","14,851",Philadelphia
2013,3,"15,676","1,329","17,005",Philadelphia
2013,4,"15,084","1,306","16,390",Philadelphia
2013,5,"15,447","1,419","16,866",Philadelphia
2013,6,"14,869","1,444","16,313",Philadelphia
2013,7,"15,606","1,491","17,097",Philadelphia
2013,8,"15,768","1,484","17,252",Philadelphia
2013,9,"14,519","1,152","15,671",Philadelphia
2013,10,"15,141","1,204","16,345",Philadelphia
2013,11,"14,146","1,120","15,266",Philadelphia
2013,12,"13,940","1,087","15,027",Philadelphia
2013,TOTAL,"1,78,920","15,323","1,94,243",Philadelphia
2014,1,"13,222","1,026","14,248",Philadelphia
2014,2,"12,013",999,"13,012",Philadelphia
2014,3,"14,766","1,291","16,057",Philadelphia
2014,4,"14,681","1,318","15,999",Philadelphia
2014,5,"14,808","1,438","16,246",Philadelphia
2014,6,"14,714","1,475","16,189",Philadelphia
2014,7,"15,003","1,526","16,529",Philadelphia
2014,8,"15,432","1,535","16,967",Philadelphia
2014,9,"14,551","1,205","15,756",Philadelphia
2014,10,"15,059","1,164","16,223",Philadelphia
2014,11,"13,754","1,049","14,803",Philadelphia
2014,12,"13,943","1,068","15,011",Philadelphia
2014,TOTAL,"1,71,946","15,094","1,87,040",Philadelphia
2015,1,"13,085","1,019","14,104",Philadelphia
2015,2,"12,129",927,"13,056",Philadelphia
2015,3,"13,583","1,062","14,645",Philadelphia
2015,4,"13,954","1,226","15,180",Philadelphia
2015,5,"14,524","1,386","15,910",Philadelphia
2015,6,"14,497","1,430","15,927",Philadelphia
2015,7,"15,144","1,488","16,632",Philadelphia
2015,8,"15,050","1,472","16,522",Philadelphia
2015,9,"14,146","1,248","15,394",Philadelphia
2015,10,"14,388","1,181","15,569",Philadelphia
2015,11,"13,735","1,075","14,810",Philadelphia
2015,12,"13,432","1,052","14,484",Philadelphia
2015,TOTAL,"1,67,667","14,566","1,82,233",Philadelphia
2016,1,"12,230",990,"13,220",Philadelphia
2016,2,"12,073",970,"13,043",Philadelphia
2016,3,"13,803","1,133","14,936",Philadelphia
2016,4,"13,499","1,155","14,654",Philadelphia
2016,5,"14,065","1,229","15,294",Philadelphia
2016,6,"13,940","1,375","15,315",Philadelphia
2016,7,"13,884","1,420","15,304",Philadelphia
2016,8,"14,064","1,377","15,441",Philadelphia
2016,9,"13,198","1,194","14,392",Philadelphia
2016,10,"13,369","1,089","14,458",Philadelphia
2016,11,"12,304",825,"13,129",Philadelphia
2016,12,"12,118",950,"13,068",Philadelphia
2016,TOTAL,"1,58,547","13,707","1,72,254",Philadelphia
2017,1,"11,611",834,"12,445",Philadelphia
2017,2,"10,601",700,"11,301",Philadelphia
2017,3,"12,084",880,"12,964",Philadelphia
2017,4,"12,416","1,006","13,422",Philadelphia
2017,5,"13,156","1,161","14,317",Philadelphia
2017,6,"12,929","1,239","14,168",Philadelphia
2017,7,"13,055","1,280","14,335",Philadelphia
2017,8,"13,167","1,227","14,394",Philadelphia
2017,9,"12,177","1,047","13,224",Philadelphia
2017,10,"12,797","1,002","13,799",Philadelphia
2017,11,"11,835",808,"12,643",Philadelphia
2017,12,"12,028",903,"12,931",Philadelphia
2017,TOTAL,"1,47,856","12,087","1,59,943",Philadelphia
2018,1,"11,327",810,"12,137",Philadelphia
2018,2,"10,636",730,"11,366",Philadelphia
2018,3,"11,181",855,"12,036",Philadelphia
2018,4,"12,555","1,069","13,624",Philadelphia
2018,5,"13,209","1,250","14,459",Philadelphia
2018,6,"13,494","1,311","14,805",Philadelphia
2018,7,"13,314","1,351","14,665",Philadelphia
2018,8,"13,501","1,309","14,810",Philadelphia
2018,9,"12,402","1,164","13,566",Philadelphia
2018,10,"13,056","1,145","14,201",Philadelphia
2018,11,"12,131",840,"12,971",Philadelphia
2018,12,"12,756",962,"13,718",Philadelphia
2018,TOTAL,"1,49,562","12,796","1,62,358",Philadelphia
2019,1,"11,600",849,"12,449",Philadelphia
2019,2,"10,635",716,"11,351",Philadelphia
2019,3,"12,685",932,"13,617",Philadelphia
2019,4,"12,815",979,"13,794",Philadelphia
2019,5,"13,705","1,198","14,903",Philadelphia
2019,6,"13,346","1,322","14,668",Philadelphia
2019,7,"13,527","1,366","14,893",Philadelphia
2019,8,"13,944","1,317","15,261",Philadelphia
2019,9,"12,688","1,097","13,785",Philadelphia
2019,10,"13,427","1,027","14,454",Philadelphia
2019,11,"12,639",714,"13,353",Philadelphia
2019,12,"12,649",813,"13,462",Philadelphia
2019,TOTAL,"1,53,660","12,330","1,65,990",Philadelphia
2020,1,"11,688",726,"12,414",Philadelphia
2020,2,"11,075",656,"11,731",Philadelphia
2020,3,"10,777",526,"11,303",Philadelphia
2020,4,"4,361",62,"4,423",Philadelphia
2020,5,"3,429",86,"3,515",Philadelphia
2020,6,"3,705",76,"3,781",Philadelphia
2020,7,"7,446",145,"7,591",Philadelphia
2020,8,"9,116",172,"9,288",Philadelphia
2020,9,"5,388",184,"5,572",Philadelphia
2020,10,"5,447",289,"5,736",Philadelphia
2020,11,"6,399",330,"6,729",Philadelphia
2020,12,"6,436",304,"6,740",Philadelphia
2020,TOTAL,"85,267","3,556","88,823",Philadelphia
2021,1,"5,953",342,"6,295",Philadelphia
2021,2,"5,131",318,"5,449",Philadelphia
2021,3,"6,512",371,"6,883",Philadelphia
2021,4,"7,055",327,"7,382",Philadelphia
2021,5,"8,004",333,"8,337",Philadelphia
2021,6,"10,234",381,"10,615",Philadelphia
2021,7,"10,715",395,"11,110",Philadelphia
2021,8,"10,584",334,"10,918",Philadelphia
2021,9,"9,637",264,"9,901",Philadelphia
2021,10,"10,198",287,"10,485",Philadelphia
2021,11,"9,029",381,"9,410",Philadelphia
2021,12,"9,056",485,"9,541",Philadelphia
2021,TOTAL,"1,02,108","4,218","1,06,326",Philadelphia
2022,1,"7,506",491,"7,997",Philadelphia
2022,2,"7,527",458,"7,985",Philadelphia
2022,3,"8,529",652,"9,181",Philadelphia
2022,4,"8,875",866,"9,741",Philadelphia
2022,5,"9,158",915,"10,073",Philadelphia
2022,6,"8,757","1,013","9,770",Philadelphia
2022,7,"9,320","1,062","10,382",Philadelphia
2022,8,"8,967",990,"9,957",Philadelphia
2022,9,"8,434",818,"9,252",Philadelphia
2022,10,"9,143",817,"9,960",Philadelphia
2022,11,"8,231",703,"8,934",Philadelphia
2022,12,"7,779",800,"8,579",Philadelphia
2022,TOTAL,"1,02,226","9,585","1,11,811",Philadelphia
2023,1,"8,171",776,"8,947",Philadelphia
2023,2,"7,498",715,"8,213",Philadelphia
2023,3,"8,835",855,"9,690",Philadelphia
2023,4,"8,823",882,"9,705",Philadelphia
2023,5,"9,074",872,"9,946",Philadelphia
2023,6,"9,504",966,"10,470",Philadelphia
2023,7,"9,867","1,018","10,885",Philadelphia
2023,TOTAL,"61,772","6,084","67,856",Philadelphia
2002,10,"12,375",995,"13,370",Seattle
2002,11,"11,442",962,"12,404",Seattle
2002,12,"12,040","1,021","13,061",Seattle
2002,TOTAL,"1,44,896","11,554","1,56,450",Seattle
2003,1,"11,740","1,016","12,756",Seattle
2003,2,"10,562",920,"11,482",Seattle
2003,3,"11,846","1,033","12,879",Seattle
2003,4,"11,552",993,"12,545",Seattle
2003,5,"12,231","1,002","13,233",Seattle
2003,6,"13,145","1,062","14,207",Seattle
2003,7,"14,150","1,118","15,268",Seattle
2003,8,"14,207","1,114","15,321",Seattle
2003,9,"12,477",983,"13,460",Seattle
2003,10,"12,564",975,"13,539",Seattle
2003,11,"11,605",932,"12,537",Seattle
2003,12,"12,216","1,017","13,233",Seattle
2003,TOTAL,"1,48,295","12,165","1,60,460",Seattle
2004,1,"11,289","1,020","12,309",Seattle
2004,2,"11,118","1,068","12,186",Seattle
2004,3,"12,258","1,182","13,440",Seattle
2004,4,"12,076","1,142","13,218",Seattle
2004,5,"12,816","1,136","13,952",Seattle
2004,6,"13,427","1,120","14,547",Seattle
2004,7,"14,176","1,164","15,340",Seattle
2004,8,"14,255","1,173","15,428",Seattle
2004,9,"12,698","1,087","13,785",Seattle
2004,10,"12,655","1,077","13,732",Seattle
2004,11,"11,677",996,"12,673",Seattle
2004,12,"11,925","1,097","13,022",Seattle
2004,TOTAL,"1,50,370","13,262","1,63,632",Seattle
2005,1,"11,302","1,087","12,389",Seattle
2005,2,"10,436","1,026","11,462",Seattle
2005,3,"11,758","1,153","12,911",Seattle
2005,4,"11,361","1,060","12,421",Seattle
2005,5,"11,825","1,045","12,870",Seattle
2005,6,"12,460","1,083","13,543",Seattle
2005,7,"13,333","1,167","14,500",Seattle
2005,8,"13,296","1,079","14,375",Seattle
2005,9,"12,130","1,025","13,155",Seattle
2005,10,"12,161","1,032","13,193",Seattle
2005,11,"11,196",888,"12,084",Seattle
2005,12,"11,553",946,"12,499",Seattle
2005,TOTAL,"1,42,811","12,591","1,55,402",Seattle
2006,1,"11,198",985,"12,183",Seattle
2006,2,"10,200",903,"11,103",Seattle
2006,3,"11,478","1,001","12,479",Seattle
2006,4,"11,476",922,"12,398",Seattle
2006,5,"12,410",909,"13,319",Seattle
2006,6,"12,839",922,"13,761",Seattle
2006,7,"13,502",968,"14,470",Seattle
2006,8,"13,710",980,"14,690",Seattle
2006,9,"12,139",925,"13,064",Seattle
2006,10,"12,218",950,"13,168",Seattle
2006,11,"11,210",948,"12,158",Seattle
2006,12,"11,701",995,"12,696",Seattle
2006,TOTAL,"1,44,081","11,408","1,55,489",Seattle
2007,1,"11,484",980,"12,464",Seattle
2007,2,"10,438",918,"11,356",Seattle
2007,3,"11,763","1,023","12,786",Seattle
2007,4,"11,675",944,"12,619",Seattle
2007,5,"12,640",915,"13,555",Seattle
2007,6,"12,969",877,"13,846",Seattle
2007,7,"13,787",918,"14,705",Seattle
2007,8,"13,720",932,"14,652",Seattle
2007,9,"12,335",817,"13,152",Seattle
2007,10,"12,632",834,"13,466",Seattle
2007,11,"11,826",855,"12,681",Seattle
2007,12,"12,156",904,"13,060",Seattle
2007,TOTAL,"1,47,425","10,917","1,58,342",Seattle
2008,1,"11,855",902,"12,757",Seattle
2008,2,"11,127",842,"11,969",Seattle
2008,3,"12,099",905,"13,004",Seattle
2008,4,"11,925",845,"12,770",Seattle
2008,5,"13,052",838,"13,890",Seattle
2008,6,"13,582",841,"14,423",Seattle
2008,7,"14,308",865,"15,173",Seattle
2008,8,"13,926",855,"14,781",Seattle
2008,9,"11,985",778,"12,763",Seattle
2008,10,"12,048",778,"12,826",Seattle
2008,11,"10,841",790,"11,631",Seattle
2008,12,"10,828",781,"11,609",Seattle
2008,TOTAL,"1,47,576","10,020","1,57,596",Seattle
2009,1,"10,737",791,"11,528",Seattle
2009,2,"9,940",747,"10,687",Seattle
2009,3,"11,138",828,"11,966",Seattle
2009,4,"10,902",799,"11,701",Seattle
2009,5,"11,668",735,"12,403",Seattle
2009,6,"12,306",700,"13,006",Seattle
2009,7,"12,881",726,"13,607",Seattle
2009,8,"12,662",731,"13,393",Seattle
2009,9,"11,309",699,"12,008",Seattle
2009,10,"11,369",718,"12,087",Seattle
2009,11,"10,473",754,"11,227",Seattle
2009,12,"10,774",804,"11,578",Seattle
2009,TOTAL,"1,36,159","9,032","1,45,191",Seattle
2010,1,"10,239",834,"11,073",Seattle
2010,2,"9,327",718,"10,045",Seattle
2010,3,"10,693",788,"11,481",Seattle
2010,4,"10,415",758,"11,173",Seattle
2010,5,"11,360",725,"12,085",Seattle
2010,6,"12,243",753,"12,996",Seattle
2010,7,"12,931",774,"13,705",Seattle
2010,8,"12,710",761,"13,471",Seattle
2010,9,"11,314",706,"12,020",Seattle
2010,10,"11,340",725,"12,065",Seattle
2010,11,"10,566",740,"11,306",Seattle
2010,12,"10,916",823,"11,739",Seattle
2010,TOTAL,"1,34,054","9,105","1,43,159",Seattle
2011,1,"10,424",823,"11,247",Seattle
2011,2,"9,359",714,"10,073",Seattle
2011,3,"10,788",810,"11,598",Seattle
2011,4,"10,572",816,"11,388",Seattle
2011,5,"11,431",769,"12,200",Seattle
2011,6,"12,295",768,"13,063",Seattle
2011,7,"12,861",799,"13,660",Seattle
2011,8,"12,814",797,"13,611",Seattle
2011,9,"11,396",723,"12,119",Seattle
2011,10,"11,236",726,"11,962",Seattle
2011,11,"10,517",736,"11,253",Seattle
2011,12,"10,979",798,"11,777",Seattle
2011,TOTAL,"1,34,672","9,279","1,43,951",Seattle
2012,1,"9,767",776,"10,543",Seattle
2012,2,"9,552",748,"10,300",Seattle
2012,3,"10,680",822,"11,502",Seattle
2012,4,"10,587",807,"11,394",Seattle
2012,5,"11,390",780,"12,170",Seattle
2012,6,"12,251",750,"13,001",Seattle
2012,7,"12,792",786,"13,578",Seattle
2012,8,"12,602",781,"13,383",Seattle
2012,9,"11,162",740,"11,902",Seattle
2012,10,"10,795",786,"11,581",Seattle
2012,11,"10,166",772,"10,938",Seattle
2012,12,"10,455",795,"11,250",Seattle
2012,TOTAL,"1,32,199","9,343","1,41,542",Seattle
2013,1,"9,812",809,"10,621",Seattle
2013,2,"9,127",743,"9,870",Seattle
2013,3,"10,675",814,"11,489",Seattle
2013,4,"10,578",785,"11,363",Seattle
2013,5,"11,563",795,"12,358",Seattle
2013,6,"12,492",803,"13,295",Seattle
2013,7,"13,244",838,"14,082",Seattle
2013,8,"13,048",852,"13,900",Seattle
2013,9,"11,597",837,"12,434",Seattle
2013,10,"11,189",845,"12,034",Seattle
2013,11,"10,572",822,"11,394",Seattle
2013,12,"10,975",870,"11,845",Seattle
2013,TOTAL,"1,34,872","9,813","1,44,685",Seattle
2014,1,"10,358",852,"11,210",Seattle
2014,2,"9,362",755,"10,117",Seattle
2014,3,"10,883",845,"11,728",Seattle
2014,4,"11,112",832,"11,944",Seattle
2014,5,"12,018",802,"12,820",Seattle
2014,6,"13,297",924,"14,221",Seattle
2014,7,"14,064",985,"15,049",Seattle
2014,8,"14,188","1,001","15,189",Seattle
2014,9,"12,355",984,"13,339",Seattle
2014,10,"12,359",992,"13,351",Seattle
2014,11,"11,554","1,074","12,628",Seattle
2014,12,"12,250","1,154","13,404",Seattle
2014,TOTAL,"1,43,800","11,200","1,55,000",Seattle
2015,1,"11,512","1,140","12,652",Seattle
2015,2,"10,479","1,036","11,515",Seattle
2015,3,"12,406","1,152","13,558",Seattle
2015,4,"12,343","1,132","13,475",Seattle
2015,5,"13,565","1,087","14,652",Seattle
2015,6,"14,853","1,112","15,965",Seattle
2015,7,"15,961","1,157","17,118",Seattle
2015,8,"16,105","1,192","17,297",Seattle
2015,9,"14,020","1,080","15,100",Seattle
2015,10,"13,919","1,077","14,996",Seattle
2015,11,"12,943","1,016","13,959",Seattle
2015,12,"13,657","1,097","14,754",Seattle
2015,TOTAL,"1,61,763","13,278","1,75,041",Seattle
2016,1,"12,922","1,137","14,059",Seattle
2016,2,"12,326","1,012","13,338",Seattle
2016,3,"13,671","1,126","14,797",Seattle
2016,4,"13,715","1,213","14,928",Seattle
2016,5,"14,963","1,186","16,149",Seattle
2016,6,"16,243","1,193","17,436",Seattle
2016,7,"17,084","1,232","18,316",Seattle
2016,8,"17,344","1,239","18,583",Seattle
2016,9,"14,676","1,153","15,829",Seattle
2016,10,"14,517","1,209","15,726",Seattle
2016,11,"13,604","1,164","14,768",Seattle
2016,12,"13,931","1,218","15,149",Seattle
2016,TOTAL,"1,74,996","14,082","1,89,078",Seattle
2017,1,"13,290","1,175","14,465",Seattle
2017,2,"11,855","1,007","12,862",Seattle
2017,3,"14,199","1,222","15,421",Seattle
2017,4,"13,957","1,172","15,129",Seattle
2017,5,"15,152","1,119","16,271",Seattle
2017,6,"16,176","1,129","17,305",Seattle
2017,7,"17,052","1,164","18,216",Seattle
2017,8,"17,107","1,119","18,226",Seattle
2017,9,"14,772","1,079","15,851",Seattle
2017,10,"14,671","1,077","15,748",Seattle
2017,11,"13,888","1,052","14,940",Seattle
2017,12,"14,410","1,031","15,441",Seattle
2017,TOTAL,"1,76,529","13,346","1,89,875",Seattle
2018,1,"14,139","1,136","15,275",Seattle
2018,2,"12,637",936,"13,573",Seattle
2018,3,"14,831","1,148","15,979",Seattle
2018,4,"15,019","1,140","16,159",Seattle
2018,5,"15,996","1,086","17,082",Seattle
2018,6,"16,943","1,170","18,113",Seattle
2018,7,"18,076","1,223","19,299",Seattle
2018,8,"17,922","1,232","19,154",Seattle
2018,9,"15,451","1,149","16,600",Seattle
2018,10,"15,323","1,107","16,430",Seattle
2018,11,"14,545","1,014","15,559",Seattle
2018,12,"15,101","1,093","16,194",Seattle
2018,TOTAL,"1,85,983","13,434","1,99,417",Seattle
2019,1,"14,805","1,087","15,892",Seattle
2019,2,"12,700",928,"13,628",Seattle
2019,3,"15,168","1,170","16,338",Seattle
2019,4,"14,977","1,124","16,101",Seattle
2019,5,"16,326","1,070","17,396",Seattle
2019,6,"17,133","1,101","18,234",Seattle
2019,7,"18,170","1,146","19,316",Seattle
2019,8,"18,460","1,139","19,599",Seattle
2019,9,"16,263","1,028","17,291",Seattle
2019,10,"16,294","1,065","17,359",Seattle
2019,11,"15,231",971,"16,202",Seattle
2019,12,"15,954","1,048","17,002",Seattle
2019,TOTAL,"1,91,481","12,877","2,04,358",Seattle
2020,1,"15,094","1,049","16,143",Seattle
2020,2,"14,217",932,"15,149",Seattle
2020,3,"13,301",835,"14,136",Seattle
2020,4,"4,911",177,"5,088",Seattle
2020,5,"5,201",135,"5,336",Seattle
2020,6,"7,732",150,"7,882",Seattle
2020,7,"10,202",178,"10,380",Seattle
2020,8,"12,291",208,"12,499",Seattle
2020,9,"11,158",191,"11,349",Seattle
2020,10,"11,752",253,"12,005",Seattle
2020,11,"11,439",279,"11,718",Seattle
2020,12,"11,365",299,"11,664",Seattle
2020,TOTAL,"1,28,663","4,686","1,33,349",Seattle
2021,1,"10,654",376,"11,030",Seattle
2021,2,"10,005",368,"10,373",Seattle
2021,3,"12,784",395,"13,179",Seattle
2021,4,"13,110",387,"13,497",Seattle
2021,5,"14,424",353,"14,777",Seattle
2021,6,"15,670",321,"15,991",Seattle
2021,7,"16,606",292,"16,898",Seattle
2021,8,"16,703",311,"17,014",Seattle
2021,9,"15,475",372,"15,847",Seattle
2021,10,"14,925",487,"15,412",Seattle
2021,11,"13,453",551,"14,004",Seattle
2021,12,"12,296",597,"12,893",Seattle
2021,TOTAL,"1,66,105","4,810","1,70,915",Seattle
2022,1,"12,236",718,"12,954",Seattle
2022,2,"11,855",600,"12,455",Seattle
2022,3,"13,687",826,"14,513",Seattle
2022,4,"13,533",872,"14,405",Seattle
2022,5,"14,486",933,"15,419",Seattle
2022,6,"15,012",885,"15,897",Seattle
2022,7,"16,298",881,"17,179",Seattle
2022,8,"16,315",873,"17,188",Seattle
2022,9,"15,767",824,"16,591",Seattle
2022,10,"15,063",752,"15,815",Seattle
2022,11,"13,830",705,"14,535",Seattle
2022,12,"12,911",738,"13,649",Seattle
2022,TOTAL,"1,70,993","9,607","1,80,600",Seattle
2023,1,"13,560",759,"14,319",Seattle
2023,2,"12,287",686,"12,973",Seattle
2023,3,"14,067",753,"14,820",Seattle
2023,4,"14,117",822,"14,939",Seattle
2023,5,"15,253",806,"16,059",Seattle
2023,6,"16,075",787,"16,862",Seattle
2023,7,"17,099",856,"17,955",Seattle
2023,TOTAL,"1,02,458","5,469","1,07,927",Seattle
